Year,Quarter,GDP_Billion_USD,Population_Million,Inflation_Rate,Unemployment_Rate,FDI_Million_USD,Export_Million_USD,Import_Million_USD,Agriculture_Growth,Industry_Growth,Services_Growth,Government_Spending_Billion_USD,Tax_Revenue_Billion_USD,Tourism_Revenue_Million_USD,Gold_Production_Tonnes,Manufacturing_Index,Electricity_Production_GWh,Mobile_Penetration_Percent,Internet_Penetration_Percent,Literacy_Rate_Percent
2000,1,9.12,33.5,5.9,,,1205.3,1876.2,4.2,6.1,5.8,1.2,0.85,722.5,35.2,45.3,2156.7,2.1,0.5,67.8
2000,2,9.34,33.7,6.2,4.8,125.3,1189.4,1923.1,3.8,,5.6,1.3,0.89,798.3,36.1,46.2,2187.3,2.3,0.6,68.1
2000,3,9.45,33.9,5.8,4.9,132.7,1234.6,,4.5,6.4,5.9,1.2,0.91,,35.8,45.8,2201.5,2.4,0.6,68.3
2000,4,9.67,34.1,6.1,5.1,118.9,1267.3,1989.4,4.1,6.2,6.1,1.4,0.93,856.2,37.3,,2234.8,2.6,0.7,68.5
2001,1,9.89,34.3,5.7,5.2,145.2,1298.5,2012.6,,6.5,6.3,1.3,0.96,889.1,38.5,47.9,2267.9,2.8,0.7,68.8
2001,2,10.12,34.5,5.9,,156.8,1321.7,2045.8,4.6,6.7,6.5,1.4,0.98,921.4,39.2,48.6,2298.4,3.1,,69.0
2001,3,10.28,34.7,6.3,5.5,149.3,1356.2,2089.3,4.3,6.3,,1.3,1.01,967.8,40.1,48.2,2334.6,3.3,0.9,69.2
2001,4,10.51,34.9,6.5,5.6,,1389.4,2123.7,4.7,6.8,6.8,1.5,1.04,1012.5,,49.3,2367.1,3.5,0.9,69.5
2002,1,10.73,35.2,6.1,5.7,178.4,1423.6,,4.5,6.9,6.9,1.4,1.07,1045.3,41.8,49.8,2401.8,3.8,1.0,69.7
2002,2,10.96,35.4,5.8,5.8,185.9,1458.9,2198.5,4.8,,7.1,1.5,1.09,,42.5,50.4,2438.2,4.1,1.1,70.0
2002,3,11.15,35.6,6.2,,192.3,1489.2,2245.1,4.4,7.2,7.3,1.4,,1134.7,43.2,50.9,2469.5,4.3,1.2,70.2
2002,4,11.39,35.8,6.4,6.1,201.7,1534.5,2289.6,,7.4,7.5,1.6,1.15,1189.2,44.1,51.7,2507.3,4.6,1.3,70.5
2003,1,11.62,36.1,6.7,6.2,215.3,1567.8,2334.9,5.1,7.6,,1.5,1.18,1234.6,45.3,52.3,2543.6,4.9,1.4,70.7
2003,2,11.87,36.3,6.9,6.3,,1612.3,2389.2,5.3,7.8,7.9,1.6,1.21,1289.5,,53.1,2587.4,5.2,1.5,71.0
2003,3,12.09,36.5,6.5,6.4,238.6,1648.7,,5.0,7.5,7.7,1.5,1.24,1345.8,47.2,52.8,2623.1,5.5,1.6,71.2
2003,4,12.34,36.7,6.8,6.6,247.2,1695.4,2487.1,5.4,,8.1,1.7,1.28,1412.3,48.5,54.2,2665.9,5.9,1.7,71.5
2004,1,12.59,37.0,,6.7,259.8,1738.2,2543.6,5.2,8.1,8.3,1.6,1.31,,49.3,54.8,2701.2,6.2,1.8,71.8
2004,2,12.86,37.2,7.2,6.8,268.4,1789.5,,5.6,8.4,8.6,1.7,1.35,1534.7,50.6,55.6,2745.8,6.6,1.9,72.0
2004,3,13.11,37.4,6.9,,279.1,1834.6,2658.4,5.3,8.2,8.4,1.6,,1598.2,51.4,55.3,2784.3,7.0,2.1,72.3
2004,4,13.38,37.7,7.1,7.2,291.5,1891.2,2721.9,,8.6,8.8,1.8,1.42,1673.5,52.8,56.9,2829.1,7.4,2.2,72.5
2005,1,13.65,37.9,7.4,7.3,305.2,1934.7,2778.3,5.9,8.8,,1.7,1.46,1738.9,54.1,57.5,2867.4,7.9,2.4,72.8
2005,2,13.94,38.1,7.6,7.4,,1989.3,2845.6,6.1,9.1,9.3,1.8,1.49,,55.3,58.3,2914.2,8.3,2.5,73.1
2005,3,14.19,38.4,7.2,7.6,334.7,2038.5,,5.8,8.9,9.1,1.7,1.53,1889.4,56.2,57.9,2953.7,8.8,2.7,73.3
2005,4,14.48,38.6,7.5,,349.6,2098.7,2989.1,6.3,,9.6,1.9,1.58,1978.6,57.9,59.4,3001.5,9.3,2.9,73.6
2006,1,14.77,38.9,7.8,7.9,364.2,2145.3,3056.7,,9.4,9.8,1.8,1.62,2054.2,59.2,60.1,3042.8,9.8,3.1,73.9
2006,2,15.08,39.1,8.1,8.0,378.9,,3134.2,6.7,9.7,10.1,1.9,1.66,2143.8,60.8,61.2,3092.4,10.4,3.3,74.2
2006,3,15.36,39.4,7.7,8.2,395.3,2267.4,3198.6,6.4,,9.9,1.8,,2234.5,62.1,60.8,3134.9,11.0,3.5,74.5
2006,4,15.67,39.6,8.0,8.3,,2338.9,3271.3,6.9,10.2,10.5,2.0,1.75,2341.7,63.7,62.3,3185.2,11.6,3.7,74.7
2007,1,15.98,39.9,8.3,8.4,429.7,2391.6,,6.6,10.4,10.7,1.9,1.79,,65.1,62.9,3228.6,12.3,4.0,75.0
2007,2,16.31,40.1,8.6,,447.3,2457.8,3415.9,7.1,10.7,11.0,2.1,1.84,2547.3,66.9,63.8,3281.7,13.0,4.3,75.3
2007,3,16.61,40.4,8.2,8.8,462.5,2518.3,3489.2,,10.5,10.8,2.0,1.88,2658.6,68.2,63.4,3327.1,13.8,4.6,75.6
2007,4,16.94,40.7,8.5,8.9,481.6,2594.1,,7.5,11.0,11.3,2.2,1.94,2784.9,70.1,64.9,3380.8,14.6,4.9,75.9
2008,1,17.27,40.9,8.9,9.1,,2656.7,3647.8,7.2,,11.5,2.1,1.98,2889.2,71.6,65.5,3426.3,15.5,5.3,76.2
2008,2,17.62,41.2,9.2,9.2,523.8,2734.5,3732.4,7.7,11.5,,2.3,2.03,,73.5,66.6,3482.9,16.4,5.7,76.5
2008,3,17.93,41.5,8.7,9.4,541.3,2798.6,3812.1,7.4,11.3,11.9,2.1,2.08,3134.7,75.1,66.1,3531.4,17.4,6.1,76.8
2008,4,18.28,41.7,9.1,,563.7,2879.3,3901.5,,11.8,12.4,2.4,2.14,3278.5,77.2,67.7,3588.2,18.5,6.6,77.1
2009,1,18.63,42.0,9.5,9.8,587.4,2947.1,,7.9,12.0,12.6,2.3,,3412.9,78.9,68.3,3637.1,19.6,7.1,77.4
2009,2,19.0,42.3,9.8,9.9,608.2,3029.4,4089.3,8.3,12.4,,2.5,2.24,3567.8,81.2,69.4,3695.8,20.8,7.7,77.7
2009,3,19.33,42.6,9.3,,631.5,3104.2,4184.7,8.0,12.1,13.1,2.3,2.29,3723.4,83.1,68.9,3746.2,22.1,8.3,78.0
2009,4,19.69,42.9,9.7,10.3,657.8,3195.8,,8.5,,13.7,2.6,2.36,3897.6,85.6,70.5,3806.9,23.5,8.9,78.3
2010,1,20.05,43.2,10.1,10.4,685.3,3274.6,4389.1,,12.8,13.9,2.5,2.42,4058.3,87.5,71.2,3859.7,25.0,9.6,78.7
2010,2,20.44,43.5,10.4,,711.9,3368.2,4501.8,9.0,13.2,14.3,2.7,2.49,,90.1,72.3,3923.4,26.6,10.4,79.0
2010,3,20.79,43.8,9.9,10.8,742.6,3455.9,,8.7,12.9,14.1,2.5,2.54,4412.5,92.3,71.8,3979.8,28.3,11.2,79.3
2010,4,21.18,44.1,10.3,10.9,,3562.4,4738.6,9.2,13.5,,2.8,2.62,4618.9,95.2,73.4,4045.6,30.1,12.1,79.6
2011,1,21.57,44.4,10.7,11.1,805.9,3647.2,4863.4,,13.7,14.9,2.7,,4802.3,97.6,74.1,4103.2,32.0,13.1,79.9
2011,2,21.98,44.7,11.0,11.2,837.4,3749.8,,9.7,14.1,15.3,2.9,2.75,5014.7,100.8,75.2,4172.8,34.1,14.2,80.2
2011,3,22.36,45.1,10.5,11.4,871.2,3846.3,5119.7,9.4,,15.1,2.7,2.81,,103.2,74.7,4233.5,36.3,15.4,80.6
2011,4,22.77,45.4,10.9,,908.5,3961.4,5264.3,9.9,14.7,15.8,3.0,2.89,5467.1,106.5,76.3,4304.1,38.7,16.7,80.9
2012,1,23.18,45.7,11.3,11.8,947.2,4063.9,,9.6,15.0,16.0,2.9,2.96,5689.4,,77.0,4366.7,41.2,18.1,81.2
2012,2,23.62,46.0,11.6,11.9,984.6,4183.5,5578.9,10.1,15.4,,3.2,3.04,5941.8,112.4,78.6,4441.3,43.9,19.7,81.5
2012,3,24.02,46.4,11.1,12.1,1026.3,4296.8,5738.6,,15.1,16.7,2.9,,6198.2,115.1,78.0,4507.9,46.8,21.4,81.9
2012,4,24.46,46.7,11.5,12.2,,4428.7,5907.4,10.7,15.8,17.4,3.3,3.19,6483.5,118.9,79.7,4584.6,49.9,23.3,82.2
2013,1,24.9,47.0,11.9,12.4,1115.8,4547.3,,10.4,16.0,17.6,3.1,3.27,,121.6,80.4,4652.8,53.2,25.4,82.5
2013,2,25.36,47.4,12.2,,1160.7,4682.9,6255.1,10.9,16.5,18.1,3.4,3.35,7089.4,125.3,81.9,4733.5,56.7,27.7,82.9
2013,3,25.79,47.7,11.7,12.8,1208.5,4812.6,,10.6,,17.8,3.2,3.42,7398.6,128.4,81.3,4805.2,60.5,30.2,83.2
2013,4,26.26,48.1,12.1,12.9,1259.4,4961.3,6601.9,11.1,17.2,18.7,3.5,3.51,7739.8,,83.0,4887.9,64.6,33.0,83.6
2014,1,26.73,48.4,12.5,13.1,,5095.7,6789.3,10.8,17.4,18.9,3.4,3.59,8056.2,135.2,83.7,4962.1,68.9,36.1,83.9
2014,2,27.22,48.8,12.8,13.2,1373.9,5247.6,,11.3,17.9,,3.7,3.68,8412.5,139.7,85.2,5049.8,73.6,39.5,84.3
2014,3,27.67,49.1,12.2,13.4,1431.2,5393.2,7178.6,11.0,17.6,19.7,3.5,,8774.3,143.5,84.6,5128.4,78.6,43.2,84.6
2014,4,28.17,49.5,12.6,,1491.8,5558.4,7389.1,11.5,18.3,20.5,3.8,3.86,9178.9,148.2,86.3,5218.3,84.0,47.3,85.0
2015,1,28.66,49.9,13.0,13.8,1556.4,5709.8,,11.2,,20.7,3.6,3.95,9561.7,152.3,87.1,5299.7,89.8,51.8,85.3
2015,2,29.18,50.2,13.3,13.9,1619.7,5879.5,7823.4,11.7,18.9,21.3,3.9,4.05,,157.4,88.6,5394.2,96.1,56.8,85.7
2015,3,29.66,50.6,12.7,14.1,1689.2,6043.1,,11.4,18.6,21.1,3.7,4.14,10398.5,161.8,87.9,5479.8,102.8,62.3,86.1
2015,4,30.18,51.0,13.1,14.2,,6227.9,8289.7,,19.3,22.0,4.0,4.24,10875.2,167.3,89.6,5576.4,110.1,68.4,86.4
2016,1,30.7,51.4,13.5,14.4,1847.6,6398.2,8534.6,12.3,19.5,22.2,3.9,4.34,,172.1,90.4,5664.1,117.9,75.1,86.8
2016,2,31.25,51.8,13.8,,1924.3,6586.7,8798.3,12.7,20.1,22.9,4.2,4.45,11923.8,178.2,92.0,5765.3,126.4,82.5,87.2
2016,3,31.75,52.2,13.2,14.8,2006.1,6769.4,,12.4,,22.6,4.0,,12458.1,183.6,91.3,5857.2,135.6,90.6,87.6
2016,4,32.3,52.6,13.6,14.9,2093.5,6974.8,9347.1,12.9,20.6,23.6,4.3,4.67,13042.5,,93.1,5960.8,145.6,99.5,87.9
2017,1,32.85,53.0,14.0,15.1,,7165.3,9634.9,,20.8,23.8,4.1,4.78,13589.3,197.4,94.0,6055.4,156.3,109.2,88.3
2017,2,33.42,53.4,14.3,15.2,2283.7,7375.9,,13.6,21.5,24.6,4.4,4.9,14201.8,204.9,95.7,6164.1,167.9,120.0,88.7
2017,3,33.95,53.8,13.7,,2382.6,7581.2,10235.7,13.3,21.2,,4.2,5.01,,210.8,94.9,6263.8,180.4,131.8,89.1
2017,4,34.52,54.2,14.1,15.6,2487.3,7809.4,10561.3,13.8,22.0,25.4,4.5,5.14,15512.6,218.3,96.8,6375.2,193.9,144.9,89.5
2018,1,35.09,54.7,14.5,15.7,2598.1,8024.6,,13.5,,25.6,4.4,,16189.7,224.6,97.7,6477.9,208.5,159.3,89.9
2018,2,35.69,55.1,14.8,15.9,2707.8,8259.4,11263.8,14.0,22.7,26.4,4.7,5.38,16932.5,232.8,99.4,6595.3,224.3,175.2,90.3
2018,3,36.24,55.5,14.2,16.0,2825.4,8489.3,,13.7,22.4,26.2,4.5,5.51,,239.4,98.6,6703.7,241.5,192.7,90.7
2018,4,36.84,55.9,14.6,,2949.8,8743.6,11956.3,14.2,23.2,27.3,4.8,5.65,18542.9,247.9,100.5,6824.8,260.1,212.1,91.1
2019,1,37.44,56.3,15.0,16.4,3081.5,8984.7,,13.9,23.4,27.5,4.6,5.79,19348.6,,101.4,6937.2,280.2,233.4,91.5
2019,2,38.07,56.8,15.3,16.5,3212.6,9246.8,12712.7,14.4,24.1,,5.0,5.94,20234.9,266.1,103.2,7065.1,301.9,256.8,91.9
2019,3,38.64,57.2,14.7,16.7,3352.1,9504.2,13067.5,,23.8,28.5,4.7,,21129.3,273.8,102.3,7183.6,325.4,282.4,92.3
2019,4,39.26,57.6,15.1,16.8,,9786.9,13456.8,15.1,24.6,29.6,5.1,6.23,22098.7,283.5,104.3,7315.4,350.8,310.6,92.7
2020,1,39.88,58.1,15.5,16.9,3647.8,10056.4,,14.8,,29.8,4.9,6.38,,291.7,105.3,7438.9,378.3,341.7,93.1
2020,2,40.53,58.5,15.8,17.1,3798.9,10352.7,14268.9,15.3,25.3,30.7,5.2,6.54,23789.4,301.9,107.2,7578.2,408.1,376.0,93.5
2020,3,41.12,59.0,15.1,,3959.4,10644.3,14687.3,15.0,25.0,30.4,5.0,6.69,24834.6,,106.3,7708.5,440.4,413.6,93.9
2020,4,41.76,59.4,15.5,17.5,4128.7,10961.8,,15.5,25.9,31.6,5.3,6.86,25976.8,323.6,108.5,7852.1,475.3,454.9,94.3
2021,1,42.4,59.9,15.9,17.6,4306.2,11266.4,15634.7,,26.1,31.8,5.1,,27095.2,333.4,109.5,7987.3,513.1,500.4,94.7
2021,2,43.07,60.3,16.2,17.8,4491.5,11598.9,16099.3,16.2,26.9,32.8,5.5,7.19,28346.7,345.3,111.5,8139.6,553.9,550.4,95.1
2021,3,43.68,60.8,15.6,17.9,4685.7,11926.8,,15.9,,32.5,5.2,7.35,,355.6,110.5,8282.4,597.8,605.3,95.5
2021,4,44.34,61.2,16.0,,4888.6,12283.4,17088.9,16.4,27.6,33.9,5.6,7.53,30912.5,368.2,112.8,8439.7,645.2,665.6,95.9
2022,1,45.0,61.7,16.4,18.3,5100.3,12626.9,,16.1,27.8,34.1,5.4,7.71,32245.8,,113.9,8588.1,696.2,732.2,96.3
2022,2,45.69,62.2,16.7,18.4,5320.8,12998.7,18179.4,16.6,28.6,35.2,5.8,7.9,33746.1,392.5,115.9,8753.8,751.3,805.4,96.7
2022,3,46.32,62.6,16.1,,5550.3,13365.2,18723.6,16.3,28.3,,5.5,8.08,35254.3,404.2,114.9,8910.2,810.9,885.9,97.1
2022,4,47.0,63.1,16.5,18.8,5789.1,13761.8,19312.7,,29.3,36.6,5.9,8.28,36896.7,418.6,117.2,9081.6,875.0,974.5,97.5
2023,1,47.68,63.6,16.9,18.9,6037.5,14145.6,,17.1,29.5,36.8,5.7,8.48,38512.9,,118.3,9244.3,943.8,1071.0,97.9
2023,2,48.39,64.1,17.2,19.1,6295.3,14558.9,20534.7,17.6,30.4,38.0,6.1,8.69,40298.6,446.2,120.4,9425.1,1017.6,1177.1,98.3
2023,3,49.04,64.5,16.6,19.2,6562.8,14967.3,,17.3,,37.7,5.8,8.89,,459.3,119.3,9596.8,1097.2,1293.8,98.7
2023,4,49.74,65.0,17.0,,6840.2,15406.8,21812.4,17.8,31.1,39.3,6.2,9.11,43989.7,475.1,121.7,9783.5,1183.4,1421.2,99.1
2024,1,50.44,65.5,17.4,19.6,,15833.2,22478.9,17.5,,39.5,6.0,,45892.3,489.4,122.9,9961.8,1276.2,1560.5,99.5
2024,2,51.16,66.0,17.7,19.7,7424.6,16291.4,23189.7,18.0,32.5,40.8,6.5,9.55,48001.2,506.3,125.1,10159.4,1376.5,1713.6,99.9
2024,3,51.82,66.5,17.1,19.9,7737.9,16745.2,,17.7,32.2,40.5,6.2,9.77,50134.6,,124.0,10348.2,1484.2,1881.9,100.3
2024,4,52.53,67.0,17.5,20.0,8062.4,17231.5,24698.3,18.2,33.4,42.1,6.6,10.01,52456.8,541.2,126.5,10553.7,1600.8,2067.1,100.7
